"idescoskill_level_3","escoskill_level_3"
ESCOv1_11652,identify mental health issues
ESCOv1_321,personal development
ESCOv1_2032,acoustics
ESCOv1_6502,adapt teaching to target group
ESCOv1_4178,liaise with quality assurance
ESCOv1_6630,respond to enquiries
ESCOv1_13359,use concurrent programming
ESCOv1_9104,analyse own performance
ESCOv1_5873,operate material handling equipment
ESCOv1_12406,document management
ESCOv1_12153,Oracle WebLogic
ESCOv1_9007,patents
ESCOv1_4926,interpret electroencephalograms
ESCOv1_1160,solution deployment
ESCOv1_6848,operate relational database management system
ESCOv1_4342,apply person-centred care
ESCOv1_201,marker making
ESCOv1_7417,maintain trusts
ESCOv1_12360,inspect data
ESCOv1_3821,parts pricing
ESCOv1_4150,develop work plans to solve problems
ESCOv1_10088,Slovak
ESCOv1_11748,handle geospatial technologies
ESCOv1_6955,think analytically
ESCOv1_4157,electronics
ESCOv1_4753,manage supplies
ESCOv1_7319,quality assurance procedures
ESCOv1_9356,medical studies
ESCOv1_1856,develop solutions to information issues
ESCOv1_1467,learning difficulties
ESCOv1_3941,arrange special events
ESCOv1_3445,design control systems
ESCOv1_10151,sell insurance
ESCOv1_5209,use ICT hardware
ESCOv1_1569,provide advice to technicians
ESCOv1_1317,apply risk management processes
ESCOv1_12340,deliver outstanding service
ESCOv1_227,laser types
ESCOv1_5802,perform dusting activities
ESCOv1_3314,similitude
ESCOv1_6684,Windows Phone
ESCOv1_1728,composition of diets
ESCOv1_6787,pharmacology
ESCOv1_10715,craftsmanship
ESCOv1_3907,process data
ESCOv1_8869,animal behaviour
ESCOv1_1716,information extraction
ESCOv1_9082,natural gas
ESCOv1_1284,COBOL
ESCOv1_3066,correctional procedures
ESCOv1_1513,urban planning
ESCOv1_11055,define ICT network design policies
ESCOv1_4076,use communication techniques
ESCOv1_1122,Scala
ESCOv1_6956,supervision of persons
ESCOv1_3130,Hadoop
ESCOv1_4614,allocate bills
ESCOv1_8231,work in an international environment
ESCOv1_3697,operate brazing equipment
ESCOv1_10951,consumer law
ESCOv1_4909,place bets
ESCOv1_2590,keep up-to-date to current customs regulations
ESCOv1_1734,consumer electronics
ESCOv1_1399,manage inventory
ESCOv1_11068,motivate staff to reach sales targets
ESCOv1_4035,quality assurance methodologies
ESCOv1_7188,provide leadership
ESCOv1_8055,make decisions regarding forestry management
ESCOv1_1372,multimedia systems
ESCOv1_7345,analyse insurance risk
ESCOv1_4785,provide social counselling
ESCOv1_5864,community medicine
ESCOv1_1888,"manage data, information and digital content"
ESCOv1_6761,government policy
ESCOv1_1137,manage ICT change request process
ESCOv1_4573,ensure compliance with legal requirements
ESCOv1_9160,support cultural diversity
ESCOv1_8213,SAS Data Management
ESCOv1_9693,media planning
ESCOv1_4192,automated optical inspection
ESCOv1_12405,adjust the work during the creative process
ESCOv1_1182,heat metals
ESCOv1_5689,software anomalies
ESCOv1_12438,bake goods
ESCOv1_3713,information architecture
ESCOv1_6830,risk management
ESCOv1_1228,types of wood
ESCOv1_1707,identify customer's needs
ESCOv1_8306,rope lashing
ESCOv1_6113,architecture regulations
ESCOv1_11370,fine-needle aspiration
ESCOv1_8374,develop test procedures
ESCOv1_6099,prevent health and safety problems
ESCOv1_13201,market pricing
ESCOv1_8267,pharmaceutical drug development
ESCOv1_230,negotiate settlements
ESCOv1_3589,manage personnel agenda
ESCOv1_13066,unified modelling language
ESCOv1_4827,manage project metrics
ESCOv1_8496,self-promote
ESCOv1_11328,person centred care
ESCOv1_8383,assume responsibility for maintaining a safe ship environment
ESCOv1_3248,forensic intelligence
ESCOv1_10652,register mail
ESCOv1_11916,manage personal professional development in sport
ESCOv1_8733,radiology
ESCOv1_6954,ferrous metal processing
ESCOv1_3617,web application security threats
ESCOv1_8765,algorithms
ESCOv1_6239,sparkling wines
ESCOv1_5116,hire human resources
ESCOv1_11990,manage research and development projects
ESCOv1_8798,handle mail
ESCOv1_9775,solve technical problems
ESCOv1_12041,support colleagues
ESCOv1_6832,environmental legislation
ESCOv1_3791,identify new business opportunities
ESCOv1_11637,audit techniques
ESCOv1_4101,regulate traffic
ESCOv1_9780,provide education management support
ESCOv1_7009,welding techniques
ESCOv1_10076,train routes
ESCOv1_7764,supervise work on design planning
ESCOv1_7068,surveying
ESCOv1_41,coordinate components of the work
ESCOv1_7040,inspect government policy compliance
ESCOv1_4004,reflect on practice
ESCOv1_209,Hungarian
ESCOv1_794,wine related sciences
ESCOv1_9854,communicate in foreign languages with health service providers
ESCOv1_1516,manage financial risk
ESCOv1_3202,textile materials
ESCOv1_7085,administer prescribed medication
ESCOv1_5542,develop audio system designs
ESCOv1_3488,design user interface
ESCOv1_13215,graphite
ESCOv1_838,ICT project management methodologies
ESCOv1_1309,write technical reports
ESCOv1_2460,maintain relationships with stakeholders
ESCOv1_712,wash the laundry
ESCOv1_4963,maintain database
ESCOv1_489,advise on personnel management
ESCOv1_4452,microelectronics
ESCOv1_13237,use theoretical marketing models
ESCOv1_3788,tolerate stress
ESCOv1_3568,assist equipment operation
ESCOv1_13350,ICT networking hardware
ESCOv1_2207,labour market
ESCOv1_6455,machine tools
ESCOv1_6131,execute software tests
ESCOv1_13174,apply caseload management
ESCOv1_189,signal processing
ESCOv1_2123,neuropsychology
ESCOv1_8051,develop media strategy
ESCOv1_7086,check methods
ESCOv1_9336,cardiology
ESCOv1_6457,follow company standards
ESCOv1_5935,iOS
ESCOv1_98,application process
ESCOv1_4126,geology
ESCOv1_9350,provide assistance to a variety of airport users
ESCOv1_6336,publishing strategy
ESCOv1_11770,mortgage loans
ESCOv1_882,interfacing techniques
ESCOv1_3923,first aid
ESCOv1_8641,enhance website visibility
ESCOv1_12546,mergers and acquisitions
ESCOv1_5642,interact verbally in Welsh
ESCOv1_1756,cutting technologies
ESCOv1_1678,work in teams
ESCOv1_8761,handle incidents
ESCOv1_13353,identify with the company's goals
ESCOv1_1459,project management
ESCOv1_4216,manage personal professional development
ESCOv1_6754,data storage
ESCOv1_1848,Smalltalk
ESCOv1_12610,plan nursing care
ESCOv1_4343,use CAM software
ESCOv1_1946,Informatica PowerCenter
ESCOv1_7049,maintain working relationships
ESCOv1_6993,firmware
ESCOv1_5147,repair ICT devices
ESCOv1_12663,own management skills
ESCOv1_1962,nutrition
ESCOv1_4732,assess artistic proposal
ESCOv1_4350,perform office routine activities
ESCOv1_10813,adjust priorities
ESCOv1_5716,Ansible
ESCOv1_11866,treat animals ethically
ESCOv1_12667,ICT system integration
ESCOv1_13031,maintain database security
ESCOv1_862,manage system testing
ESCOv1_10377,manage time in tourism
ESCOv1_9465,find new types of food & beverages
ESCOv1_13269,child protection
ESCOv1_8632,paint surfaces
ESCOv1_8363,ensure cross-department cooperation
ESCOv1_8316,meet commitments
ESCOv1_7285,labour legislation
ESCOv1_6422,work in multidisciplinary health teams
ESCOv1_4031,interact with healthcare users
ESCOv1_7312,woodworking processes
ESCOv1_3077,coordinate security
ESCOv1_3522,hearing loss
ESCOv1_13351,maintain ICT system
ESCOv1_8520,use rental management software
ESCOv1_10997,advocate for others
ESCOv1_12919,Swedish
ESCOv1_8610,MySQL
ESCOv1_5693,software components libraries
ESCOv1_3997,program a CNC controller
ESCOv1_1687,use textile finishing machine technologies
ESCOv1_4222,technical drawings
ESCOv1_7062,MDX
ESCOv1_9563,make decisions regarding livestock management
ESCOv1_4248,proofread text
ESCOv1_9566,check deliveries on receipt
ESCOv1_1697,show confidence
ESCOv1_13030,conduct psychotherapy risk assessments
ESCOv1_3438,advise architects
ESCOv1_1403,counsel clients
ESCOv1_12955,apply operations for an ITIL-based environment
ESCOv1_6515,toxicology
ESCOv1_8413,Russian
ESCOv1_6333,make decisions
ESCOv1_5155,mobile device management
ESCOv1_11247,create an act
ESCOv1_6495,market analysis
ESCOv1_8837,property law
ESCOv1_7943,histopathology
ESCOv1_7191,maintain internal communication systems
ESCOv1_10957,provide livestock advice and guidance
ESCOv1_9087,install hydraulic systems
ESCOv1_1631,ASP.NET
ESCOv1_12441,support nurses
ESCOv1_7907,ecosystems
ESCOv1_13333,German
ESCOv1_12737,be attentive
ESCOv1_2942,ensure information privacy
ESCOv1_6864,carry out internet research
ESCOv1_1250,quality control systems
ESCOv1_1565,motion graphics
ESCOv1_9499,milling machines
ESCOv1_1872,community education
ESCOv1_673,optomechanical engineering
ESCOv1_4789,use markup languages
ESCOv1_4568,pricing strategies
ESCOv1_9332,ensure contract termination and follow-up
ESCOv1_4493,maintain work area cleanliness
ESCOv1_12490,air traffic management
ESCOv1_9342,apply good clinical practices
ESCOv1_3681,harvest grapes
ESCOv1_1225,document your own practice
ESCOv1_1954,information security strategy
ESCOv1_529,cloud technologies
ESCOv1_7879,French
ESCOv1_4273,instruct others
ESCOv1_6525,address problems critically
ESCOv1_2726,manage bridge construction projects
ESCOv1_5466,manage environmental management system
ESCOv1_5809,communicate with stakeholders
ESCOv1_10933,negotiate compromise
ESCOv1_9819,interview focus groups
ESCOv1_1840,waste management
ESCOv1_1441,stock market
ESCOv1_3243,World Wide Web Consortium standards
ESCOv1_12290,remove computer virus or malware from a computer
ESCOv1_3994,spelling
ESCOv1_7187,perform product testing
ESCOv1_13224,create game testing software
ESCOv1_666,develop automated software tests
ESCOv1_8166,provide railway technical advice
ESCOv1_12350,ICT project management
ESCOv1_5710,trademarks
ESCOv1_5617,communicate with tenants
ESCOv1_9900,Latvian
ESCOv1_9025,diagnosis of mental health issues
ESCOv1_3470,microsensors
ESCOv1_4083,ensure health and safety of staff
ESCOv1_3871,ABAP
ESCOv1_10468,encourage teams for continuous improvement
ESCOv1_1644,apply teaching strategies
ESCOv1_5261,judge performances
ESCOv1_1156,develop health and safety strategies in mining
ESCOv1_11335,check subjects
ESCOv1_6166,use learning strategies
ESCOv1_4185,ICT software specifications
ESCOv1_13421,credit control processes
ESCOv1_1736,learning management systems
ESCOv1_8965,climbing equipment
ESCOv1_11048,Rapid application development
ESCOv1_11889,data mining
ESCOv1_8907,collaborate with designers
ESCOv1_4465,general medicine
ESCOv1_4328,follow clinical guidelines
ESCOv1_7282,accounting department processes
ESCOv1_4412,install hardware
ESCOv1_975,visit places of work
ESCOv1_6725,industrial tools
ESCOv1_170,manage corporate training programmes
ESCOv1_13318,manage database
ESCOv1_4266,use analytics for commercial purposes
ESCOv1_683,manage data collection systems
ESCOv1_6678,identify process improvements
ESCOv1_5394,secure premises
ESCOv1_4618,motivate supporters
ESCOv1_1855,use databases
ESCOv1_8272,analyse chemical substances
ESCOv1_3737,manage system security
ESCOv1_7015,use technical drawing software
ESCOv1_6084,ICT security legislation
ESCOv1_625,analyse software specifications
ESCOv1_8789,ensure vehicle operability
ESCOv1_11171,present evidence
ESCOv1_12659,work in a land-based team
ESCOv1_4566,analytical chemistry
ESCOv1_11256,participate in training sessions
ESCOv1_2818,Dutch
ESCOv1_5862,hang wallpaper
ESCOv1_3020,emergency medicine
ESCOv1_1020,semiconductors
ESCOv1_10487,ensure compliance with company regulations
ESCOv1_3938,statistical analysis system software
ESCOv1_1601,textile industry
ESCOv1_9019,hydraulic fluid
ESCOv1_1984,carry out work-related calculations
ESCOv1_10991,cultural history
ESCOv1_7101,manage volunteers
ESCOv1_12566,debug software
ESCOv1_8999,manage sport facility finances
ESCOv1_2457,QlikView Expressor
ESCOv1_8982,interview insurance claimants
ESCOv1_3150,medical sales industry
ESCOv1_1010,infection control
ESCOv1_6563,applied kinesiology
ESCOv1_1278,apply health and safety standards
ESCOv1_6789,ensure compliance with construction project deadline
ESCOv1_11702,business ICT systems
ESCOv1_12247,team building
ESCOv1_2699,WordPress
ESCOv1_1397,database management systems
ESCOv1_9519,graphics editor software
ESCOv1_7174,troubleshoot
ESCOv1_9051,business intelligence
ESCOv1_6738,operate garment manufacturing machines
ESCOv1_4053,audio editing software
ESCOv1_8156,search engines
ESCOv1_6969,financial statements
ESCOv1_11074,optical character recognition software
ESCOv1_6624,follow safety standards in industrial contexts
ESCOv1_9093,treat wood
ESCOv1_10607,ensure safety of exercise environment
ESCOv1_10097,fingerspelling
ESCOv1_9876,internal risk management policy
ESCOv1_1896,circuit diagrams
ESCOv1_9825,support social service users' positiveness
ESCOv1_3814,technical terminology
ESCOv1_1378,maintain contract administration
ESCOv1_618,integrate system components
ESCOv1_1251,Scratch
ESCOv1_6299,PHP
ESCOv1_6724,pedagogy
ESCOv1_10325,journalism
ESCOv1_8399,advise on safety improvements
ESCOv1_5726,run errands on behalf of customers
ESCOv1_10119,Bulgarian
ESCOv1_371,select subject matter
ESCOv1_4511,communicate health and safety measures
ESCOv1_1885,manage profitability
ESCOv1_970,hardware testing methods
ESCOv1_1576,track key performance indicators
ESCOv1_10291,speak about your work in public
ESCOv1_2040,macroeconomics
ESCOv1_7313,exert a goal-oriented leadership role towards colleagues
ESCOv1_3028,complementary and alternative medicine
ESCOv1_10630,communicate with customer service department
ESCOv1_6405,audiovisual equipment
ESCOv1_831,mobile device software frameworks
ESCOv1_6899,contact customers
ESCOv1_8511,develop models
ESCOv1_6324,grammar
ESCOv1_1723,manage engineering project
ESCOv1_13186,ethics
ESCOv1_4855,pathology
ESCOv1_3499,orthodontics
ESCOv1_12352,public health
ESCOv1_13143,report to the team leader
ESCOv1_6688,employment law
ESCOv1_1151,Visual Studio .NET
ESCOv1_4029,think creatively
ESCOv1_1598,administer appointments
ESCOv1_6836,sensors
ESCOv1_4023,trade securities
ESCOv1_3031,consult with producer
ESCOv1_356,document evidence
ESCOv1_7298,statistical process control
ESCOv1_4588,set quality assurance objectives
ESCOv1_3810,manage airport development resources
ESCOv1_840,handle cargo
ESCOv1_6841,use office systems
ESCOv1_2103,translate spoken language
ESCOv1_3632,"data extraction, transformation and loading tools"
ESCOv1_5658,international trade
ESCOv1_732,improve business processes
ESCOv1_11204,biotechnology
ESCOv1_1359,industrial engineering
ESCOv1_6309,landscape architecture
ESCOv1_3548,vascular surgery
ESCOv1_8349,IBM Informix
ESCOv1_12314,teach further education
ESCOv1_1080,use IT tools
ESCOv1_1869,adapt to change
ESCOv1_9140,style hair
ESCOv1_3412,implement front-end website design
ESCOv1_5947,leadership principles
ESCOv1_5497,supplier management
ESCOv1_10251,query languages
ESCOv1_669,sports competition information
ESCOv1_4176,Objective-C
ESCOv1_1312,pharmaceutical processes
ESCOv1_12741,evidence-based radiography practice
ESCOv1_11330,games rules
ESCOv1_6810,pack goods
ESCOv1_11737,supervise court hearings
ESCOv1_6518,work with virtual learning environments
ESCOv1_6713,keep personal administration
ESCOv1_7825,fertigation
ESCOv1_1695,provide fitness customer care
ESCOv1_6483,petroleum
ESCOv1_7168,manage a small-to-medium business
ESCOv1_6529,conduct performance tests
ESCOv1_11415,interact verbally in Swedish
ESCOv1_5878,apply techniques of occupational therapy
ESCOv1_1976,pharmaceutical products
ESCOv1_6340,execute feasibility study
ESCOv1_6532,maintain records of work with service users
ESCOv1_12567,manage human resources
ESCOv1_1315,analyse road traffic patterns
ESCOv1_3712,dog behaviour
ESCOv1_2341,manage front operations
ESCOv1_4848,security regulations
ESCOv1_6812,stay up to date with social media
ESCOv1_1892,organise labour
ESCOv1_8445,public offering
ESCOv1_7128,build community relations
ESCOv1_6602,use technical documentation
ESCOv1_2614,mass spectrometry
ESCOv1_7349,advice on security risk management
ESCOv1_9769,neurological surgery
ESCOv1_5189,take pictures
ESCOv1_900,orthopaedics
ESCOv1_3898,design graphics
ESCOv1_1093,supply chain management
ESCOv1_7465,maintain reception area
ESCOv1_12616,work in shifts
ESCOv1_6604,have computer literacy
ESCOv1_5515,attend to fitness clients under controlled health conditions
ESCOv1_6543,control engineering
ESCOv1_8661,tutor students
ESCOv1_8252,assess the feasibility of implementing developments
ESCOv1_1321,"3D modelling"
ESCOv1_2932,ensure health and safety of customers
ESCOv1_8013,outsourcing strategy
ESCOv1_4908,SQL
ESCOv1_12378,SAP R3
ESCOv1_4453,financial forecasting
ESCOv1_8903,plan schedule
ESCOv1_7590,cooperate with professionals
ESCOv1_1292,assist in military logistics
ESCOv1_11919,manufacturing of tools
ESCOv1_6208,customer insight
ESCOv1_1211,install software
ESCOv1_4220,use precision tools
ESCOv1_6943,mechanical tools
ESCOv1_13184,respiratory medicine
ESCOv1_2071,ensure quality of aeronautical information management services
ESCOv1_6513,collaborate in the development of marketing strategies
ESCOv1_1172,SQL Server
ESCOv1_10235,apply information security policies
ESCOv1_2473,software UI design patterns
ESCOv1_5535,data protection
ESCOv1_11243,political ideologies
ESCOv1_2049,manage guest support services
ESCOv1_3170,speak in public
ESCOv1_2406,manage disaster recovery plans
ESCOv1_4538,telecommunications engineering
ESCOv1_7011,public relations
ESCOv1_11195,perform cleaning duties
ESCOv1_11961,obstetrics and gynaecology
ESCOv1_1027,reinforce positive behaviour
ESCOv1_3395,horticultural design
ESCOv1_4344,develop strategy to solve problems
ESCOv1_8766,use content management system software
ESCOv1_3067,sign language
ESCOv1_11010,Apache Maven
ESCOv1_3159,Apache Tomcat
ESCOv1_1075,automation technology
ESCOv1_8241,instrumentation equipment
ESCOv1_1076,physiotherapy
ESCOv1_11862,MarkLogic
ESCOv1_6901,nuclear energy
ESCOv1_7385,perform system analysis
ESCOv1_9076,perform data cleansing
ESCOv1_10138,conduct small vessel operation start-up procedures
ESCOv1_2931,attend performances
ESCOv1_12300,perform security checks
ESCOv1_3828,types of alarm systems
ESCOv1_10482,GIMP
ESCOv1_4289,aesthetics
ESCOv1_6927,apply development process to footwear design
ESCOv1_8666,English
ESCOv1_5836,organise information
ESCOv1_7323,production processes
ESCOv1_6371,communicate by telephone
ESCOv1_827,terminology
ESCOv1_9422,motivate fitness clients
ESCOv1_1187,deliver visual presentation of data
ESCOv1_11237,politics
ESCOv1_4175,relate empathetically
ESCOv1_2933,customs law
ESCOv1_1302,household products
ESCOv1_6802,assess customers
ESCOv1_5218,urology
ESCOv1_5424,respond to requests for logistics services from all over the world
ESCOv1_26,software metrics
ESCOv1_6071,Cisco
ESCOv1_3729,Danish
ESCOv1_598,complete administration
ESCOv1_1615,tend CNC metal punch press
ESCOv1_2452,perform customer management
ESCOv1_502,financial engineering
ESCOv1_3239,operate private branch exchange
ESCOv1_4183,demonstrate willingness to learn
ESCOv1_9119,model sets
ESCOv1_10465,use digital device operating systems
ESCOv1_6995,work in a construction team
ESCOv1_11650,robotic components
ESCOv1_3365,use logical reasoning
ESCOv1_4447,ensure public safety and security
ESCOv1_13425,maintain ICT server
ESCOv1_2829,SAP Data Services
ESCOv1_1421,install machinery
ESCOv1_554,blow moulding machine parts
ESCOv1_8330,job market offers
ESCOv1_4208,LDAP
ESCOv1_6479,manage content development projects
ESCOv1_4572,biological chemistry
ESCOv1_13352,draw design sketches
ESCOv1_2268,food engineering
ESCOv1_6629,rehabilitation
ESCOv1_6775,use scripting programming
ESCOv1_11604,Oracle Application Development Framework
ESCOv1_9567,anaesthetics
ESCOv1_1221,Python
ESCOv1_3960,use CAD software
ESCOv1_298,project management principles
ESCOv1_7136,drive vehicles
ESCOv1_1370,develop business case
ESCOv1_7065,exercise patience
ESCOv1_9490,mechanical systems
ESCOv1_1944,apply export strategies
ESCOv1_11964,linguistics
ESCOv1_3849,manage accounts
ESCOv1_2944,pathogenic microorganisms
ESCOv1_1640,manufacturing of made-up textile articles
ESCOv1_8296,calibrate precision instrument
ESCOv1_10599,photonics
ESCOv1_3012,oversee extra-curricular activities
ESCOv1_1881,design principles
ESCOv1_6902,CAE software
ESCOv1_6592,coordinate communication within a team
ESCOv1_7794,set production KPI
ESCOv1_2491,entrepreneurship
ESCOv1_410,establish customer rapport
ESCOv1_1426,call quality assurance management
ESCOv1_12214,perform metal work
ESCOv1_8276,XQuery
ESCOv1_3634,solve ICT system problems
ESCOv1_12199,plan maintenance activities
ESCOv1_7293,literature
ESCOv1_7046,interpret law
ESCOv1_6494,delegate activities
ESCOv1_1074,identify clients' needs
ESCOv1_13340,attention to detail
ESCOv1_10075,intensive care medicine
ESCOv1_11221,Sass
ESCOv1_9291,develop opportunities for progression in sport
ESCOv1_13458,help clients cope with grief
ESCOv1_370,acting and directing techniques
ESCOv1_7448,analyse issues
ESCOv1_8472,bridge engineering
ESCOv1_1460,manage medical supply chains
ESCOv1_1009,design integrated circuits
ESCOv1_1021,optoelectronics
ESCOv1_12840,use presentation software
ESCOv1_11522,manage backlogs
ESCOv1_3331,ensure health and safety of visitors
ESCOv1_5701,soil mechanics
ESCOv1_6402,train employees
ESCOv1_9375,Czech
ESCOv1_10273,manage a team
ESCOv1_1229,supervise sales activities
ESCOv1_648,receive goods
ESCOv1_10361,manage frustration
ESCOv1_12555,promote inclusion in organisations
ESCOv1_5121,support individuals on nutrition changes
ESCOv1_1577,meat and meat products
ESCOv1_5666,show impartiality
ESCOv1_5670,provide mentorship
ESCOv1_5913,react to events in time-critical environments
ESCOv1_299,consult with production director
ESCOv1_12418,seek innovation in current practices
ESCOv1_3815,gambling games
ESCOv1_9334,implement biodiversity action plans
ESCOv1_6240,Java
ESCOv1_5088,Assertiveness
ESCOv1_5493,ICT network simulation
ESCOv1_7625,maintain database performance
ESCOv1_10940,framework for a safety management system
ESCOv1_10631,use positive language
ESCOv1_9485,Outsourcing model
ESCOv1_6585,focus on service
ESCOv1_6721,promote yourself
ESCOv1_13180,positions for surgical procedures
ESCOv1_11192,operations department processes
ESCOv1_10504,normalise data
ESCOv1_6424,perform services in a flexible manner
"",""
ESCOv1_10881,memorise large amounts of information
ESCOv1_6541,manipulate stainless steel
ESCOv1_8432,work with pre-production team
ESCOv1_7314,use a computer
ESCOv1_10532,manage ICT data architecture
ESCOv1_4526,conclude business agreements
ESCOv1_10970,ICT system programming
ESCOv1_12059,CSS
ESCOv1_3528,outplacement
ESCOv1_1002,ensure information security
ESCOv1_11082,Iterative development
ESCOv1_13108,promote mental health
ESCOv1_5162,evaluate nursing care
ESCOv1_3839,protect ICT devices
ESCOv1_6227,work in an organised manner
ESCOv1_866,ICT infrastructure
ESCOv1_8625,wildlife
ESCOv1_4887,eating disorders
ESCOv1_3605,TypeScript
ESCOv1_6067,SQL Server Integration Services
ESCOv1_1001,building automation
ESCOv1_12125,implement ICT safety policies
ESCOv1_11498,concepts of telecommunications
ESCOv1_4242,building codes
ESCOv1_3744,laser marking processes
ESCOv1_5656,digital game genres
ESCOv1_4147,strategic planning
ESCOv1_567,test materials
ESCOv1_7777,perform adjustments as the work evolves
ESCOv1_7350,perform ground-handling maintenance procedures
ESCOv1_4991,design medical devices
ESCOv1_11781,forensic pathology
ESCOv1_1677,provide health education
ESCOv1_8889,use creative suite software
ESCOv1_8752,use consulting techniques
ESCOv1_2039,work with e-services available to clients
ESCOv1_13001,babysitting
ESCOv1_1760,strive for company growth
ESCOv1_8820,arrange tables
ESCOv1_11943,count money
ESCOv1_4141,manage resources
ESCOv1_8782,design campaign actions
ESCOv1_10029,create engineering design packages
ESCOv1_6964,recruit employees
ESCOv1_6672,biology
ESCOv1_12585,file documents
ESCOv1_1444,use measurement instruments
ESCOv1_1184,lautering process
ESCOv1_4378,manage staff
ESCOv1_11674,tools for software configuration management
ESCOv1_3134,search engine optimisation
ESCOv1_13235,develop ICT workflow
ESCOv1_10534,collaborate with technical experts on artworks
ESCOv1_1899,Erlang
ESCOv1_7837,allocate keys
ESCOv1_6600,geography
ESCOv1_1522,financial capability
ESCOv1_2213,create patterns for textile products
ESCOv1_7748,provide fitness customer service
ESCOv1_381,demolish structures
ESCOv1_8855,provide improvement strategies
ESCOv1_1068,health and safety regulations
ESCOv1_5455,business processes
ESCOv1_6846,provide information
ESCOv1_22,use query languages
ESCOv1_6205,SAS language
ESCOv1_4484,LAMS
ESCOv1_2789,Absorb
ESCOv1_3643,accept own accountability
ESCOv1_2357,handle paperwork
ESCOv1_5974,casting processes
ESCOv1_11505,give massages
ESCOv1_7090,engineering principles
ESCOv1_1276,customer relationship management
ESCOv1_761,support a designer in the developing process
ESCOv1_6589,structure information
ESCOv1_2852,manage software releases
ESCOv1_12282,social pedagogy
ESCOv1_13029,hunt animals
ESCOv1_1808,photography
ESCOv1_4545,communication
ESCOv1_6918,JavaScript
ESCOv1_7511,consultation methods
ESCOv1_4915,use word processing software
ESCOv1_13218,collaborate through digital technologies
ESCOv1_9095,monitor system performance
ESCOv1_12804,recruit members
ESCOv1_11713,motivate others
ESCOv1_1650,contract law
ESCOv1_2370,decision support systems
ESCOv1_8020,manage a warehouse management system
ESCOv1_891,perform business analysis
ESCOv1_9814,telecommunication industry
ESCOv1_611,follow manufacturing work schedule
ESCOv1_9440,Ajax Framework
ESCOv1_4541,characteristics of products
ESCOv1_9373,liaise with industrial professionals
ESCOv1_6269,price product
ESCOv1_4466,research new ideas
ESCOv1_4798,coach employees
ESCOv1_9224,manage carriers
ESCOv1_11596,family therapy
ESCOv1_6498,e-commerce systems
ESCOv1_1683,assist customers
ESCOv1_847,work independently
ESCOv1_1512,statistics
ESCOv1_1415,analyse business requirements
ESCOv1_7666,perform maintenance on fire alarm systems
ESCOv1_8810,Microsoft Visio
ESCOv1_7008,financial management
ESCOv1_11308,international tariffs
ESCOv1_2813,clinical science
ESCOv1_7682,manage ICT virtualisation machines
ESCOv1_11666,advise on training courses
ESCOv1_12732,digital marketing techniques
ESCOv1_1244,follow safety precautions in work practices
ESCOv1_458,arrange audit
ESCOv1_594,coffee characteristics
ESCOv1_4576,give instructions to staff
ESCOv1_2348,entertain people
ESCOv1_12123,systems thinking
ESCOv1_2106,work with authors
ESCOv1_878,product life-cycle
ESCOv1_11552,detect bottlenecks
ESCOv1_231,perform routine lube oil tests
ESCOv1_1821,family law
ESCOv1_3397,mill operations
ESCOv1_11963,immigration law
ESCOv1_4492,adapt to changing situations
ESCOv1_4397,conduct land surveys
ESCOv1_11184,serve food in table service
ESCOv1_2389,use psychotherapeutic interventions
ESCOv1_13354,repair pipelines
ESCOv1_6946,attend read-through
ESCOv1_10742,implement a virtual private network
ESCOv1_2897,mobile operating systems
ESCOv1_5813,security threats
ESCOv1_4495,analyse business processes
ESCOv1_9504,service-oriented modelling
ESCOv1_8197,carry out cheese production
ESCOv1_13341,industrial design
ESCOv1_12966,autism
ESCOv1_6343,bundle fabrics
ESCOv1_10451,precision engineering
ESCOv1_6153,plan marketing campaign
ESCOv1_10519,trade sector policies
ESCOv1_8772,use object-oriented programming
ESCOv1_1854,database
ESCOv1_4391,geographic information systems
ESCOv1_7585,solve problems in healthcare
ESCOv1_6409,provide training
ESCOv1_3691,gather data
ESCOv1_10565,Lithuanian
ESCOv1_8673,Icelandic
ESCOv1_4122,total quality control
ESCOv1_3978,give constructive feedback
ESCOv1_12995,stem cells
ESCOv1_1837,perform self-assessment
ESCOv1_8254,apply quality standards
ESCOv1_1788,documentation types
ESCOv1_738,provide software testing documentation
ESCOv1_1171,optoelectronic devices
ESCOv1_4209,cut metal products
ESCOv1_6302,manage radiology information system
ESCOv1_4372,use ICT systems
ESCOv1_5030,provide support to veterinary clients
ESCOv1_10510,interpret current data
ESCOv1_6572,provide technical expertise
ESCOv1_9230,inform on renting agreements
ESCOv1_9535,arrange permits
ESCOv1_9441,eye protection regulations
ESCOv1_9189,manage landscape design projects
ESCOv1_3149,assist in will writing
ESCOv1_9820,personality development theories
ESCOv1_8605,work with healthcare users under medication
ESCOv1_2949,cyber security
ESCOv1_7268,advise customers
ESCOv1_7141,history
ESCOv1_11908,ICT security standards
ESCOv1_1787,establish collaborative relations
ESCOv1_11754,search for information online
ESCOv1_8893,accompany people
ESCOv1_6212,cooperate with colleagues
ESCOv1_202,design customer experiences
ESCOv1_8961,maintain treatment records
ESCOv1_4547,manage securities
ESCOv1_2658,type of file
ESCOv1_4990,operate smelter
ESCOv1_818,agronomy
ESCOv1_13330,industrial software
ESCOv1_9263,use spreadsheets software
ESCOv1_6370,computer technology
ESCOv1_1430,C++
ESCOv1_13372,cognitive behavioural therapy
ESCOv1_3355,prepare specialised coffee
ESCOv1_6016,business law
ESCOv1_1983,health and safety in the workplace
ESCOv1_9527,transplantation
ESCOv1_6204,perform live
ESCOv1_12558,cleaning products
ESCOv1_1196,fossil fuels
ESCOv1_5980,identify improvement actions
ESCOv1_2454,process applications
ESCOv1_4984,manage project information
ESCOv1_9500,use hand tools
ESCOv1_100,liaise with architects
ESCOv1_4332,computational fluid dynamics
ESCOv1_1419,make improvements to work activities
ESCOv1_3396,identify market niches
ESCOv1_526,physical medicine
ESCOv1_7571,reverse engineering
ESCOv1_2279,communicate with nursing staff
ESCOv1_2195,hotel operations
ESCOv1_5971,execute administration
ESCOv1_12195,work analytically
ESCOv1_11448,assistive instruments
ESCOv1_5368,JavaScript Framework
ESCOv1_10320,logic
ESCOv1_1593,write work-related reports
ESCOv1_3275,Greek
ESCOv1_10552,printing media
ESCOv1_6833,assess students
ESCOv1_13412,wash the dishes
ESCOv1_807,write stress analysis reports
ESCOv1_6568,report analysis results
ESCOv1_1900,create solutions to problems
ESCOv1_4762,give advice to others
ESCOv1_3976,implement sales strategies
ESCOv1_4135,print stripping
ESCOv1_11159,Chinese
ESCOv1_4140,organise training
ESCOv1_10782,memorise information
ESCOv1_1801,undertake inspections
ESCOv1_3296,shipping industry
ESCOv1_334,provide self management support
ESCOv1_12912,organise travel arrangements for staff
ESCOv1_2977,supervise brand management
ESCOv1_1474,acting techniques
ESCOv1_261,inform on safety standards
ESCOv1_1230,office software
ESCOv1_10952,implement safety management systems
ESCOv1_579,Spanish
ESCOv1_3651,characteristics of services
ESCOv1_1237,present reports
ESCOv1_2012,motivate employees
ESCOv1_10286,use mathematical tools and equipment
ESCOv1_4833,manage several projects
ESCOv1_3799,maintain high quality of calls
ESCOv1_3406,review drafts
ESCOv1_3685,manage feedback
ESCOv1_11609,distributed directory information services
ESCOv1_6656,implement scientific decision making in healthcare
ESCOv1_4400,organisational policies
ESCOv1_11736,dermatology
ESCOv1_87,test visual acuity
ESCOv1_4130,handle complaints
ESCOv1_6327,oversee record management
ESCOv1_2353,speech recognition
ESCOv1_5890,exert expenditure control
ESCOv1_6649,teach customer service techniques
ESCOv1_4859,Oracle Relational Database
ESCOv1_8621,analyse problems for opportunities
ESCOv1_11509,Arabic
ESCOv1_8423,hand gestures
ESCOv1_9704,lay non-interlocking roof tiles
ESCOv1_12015,provide feedback on job performance
ESCOv1_4830,human resources department processes
ESCOv1_3929,ensure accuracy of aeronautical data
ESCOv1_874,deal with air traffic issues
ESCOv1_2779,endoscopy
ESCOv1_8548,apply health and safety when picking
ESCOv1_6638,measure customer feedback
ESCOv1_7292,make an effort
ESCOv1_2810,decommissioning
ESCOv1_7689,enforce customer's debt repayment
ESCOv1_8298,corporate social responsibility
ESCOv1_1115,work in a logistics team
ESCOv1_1263,Taleo
ESCOv1_9581,work in a fishery team
ESCOv1_6400,sing
ESCOv1_1829,electrical engineering
ESCOv1_9268,inspect staff
ESCOv1_9048,typography
ESCOv1_12690,online analytical processing
ESCOv1_11658,satisfy customers
ESCOv1_3469,perform planning
ESCOv1_6571,unstructured data
ESCOv1_4033,hair
ESCOv1_10893,manage members
ESCOv1_12180,create a diet plan
ESCOv1_6854,health and safety measures in transportation
ESCOv1_1042,scientific research methodology
ESCOv1_7522,Xcode
ESCOv1_11938,establish data processes
ESCOv1_6297,Pentaho Data Integration
ESCOv1_1503,textile technologies
ESCOv1_1813,manage cash desk
ESCOv1_9204,mine dump design
ESCOv1_2743,perform dental hygiene interventions
ESCOv1_7027,create a financial plan
ESCOv1_1304,human resource management
ESCOv1_3234,develop staff
ESCOv1_2701,manage resources in food manufacturing
ESCOv1_3503,glassworking
ESCOv1_11279,manage maintenance operations
ESCOv1_1371,information confidentiality
ESCOv1_1316,supervise staff
ESCOv1_1049,support volunteers
ESCOv1_10278,manufacturing plant equipment
ESCOv1_1259,tax legislation
ESCOv1_2008,computer programming
ESCOv1_4013,work as a team
ESCOv1_2325,provide high-end driving services
ESCOv1_4581,order supplies
ESCOv1_9765,carry out event management
ESCOv1_7028,adapt teaching to student's capabilities
ESCOv1_5494,business knowledge
ESCOv1_6631,negotiate with stakeholders
ESCOv1_4309,process medical insurance claims
ESCOv1_6412,robotics
ESCOv1_7342,think proactively
ESCOv1_9250,Wireshark
ESCOv1_1985,represent the organisation
ESCOv1_3493,purchase supplies
ESCOv1_3705,good laboratory practice
ESCOv1_1438,communication disorders
ESCOv1_3427,construction methods
ESCOv1_8778,ensure health and safety in manufacturing
ESCOv1_4577,lead a team
ESCOv1_2212,manage health and safety
ESCOv1_5964,software interaction design
ESCOv1_1843,assemble electrical components
ESCOv1_8155,Romanian
ESCOv1_9379,circulate information
ESCOv1_13152,cook pastry products
ESCOv1_1763,botany
ESCOv1_12637,Agile project management
ESCOv1_3167,systems development life-cycle
ESCOv1_4611,involve service users and carers in care planning
ESCOv1_6803,work closely with news teams
ESCOv1_6196,construction industry
ESCOv1_1554,economics
ESCOv1_969,Groovy
ESCOv1_11098,manage risk of lighting failure
ESCOv1_2288,collect rental fees
ESCOv1_317,grading systems
ESCOv1_12385,tend computer numerical control lathe machine
ESCOv1_6834,machinery products
ESCOv1_6579,ensure equipment maintenance
ESCOv1_13135,improve rail service delivery
ESCOv1_3000,cleaning techniques
ESCOv1_12511,tennis
ESCOv1_12502,use online communication tools
ESCOv1_2800,manage ICT system deployment
ESCOv1_3869,develop business plans
ESCOv1_3381,migration
ESCOv1_2702,IBM WebSphere
ESCOv1_4669,collaborate with coaching team
ESCOv1_11893,design process
ESCOv1_9975,dentistry science
ESCOv1_11592,manage cash flow
ESCOv1_8158,renal diseases
ESCOv1_11012,reprography
ESCOv1_8920,dependency on drugs
ESCOv1_397,design prototypes
ESCOv1_11004,livestock
ESCOv1_10494,Jenkins
ESCOv1_3465,exercise sports
ESCOv1_6760,plan the work of teams and individuals
ESCOv1_10016,data warehouse
ESCOv1_2542,endocrine physiology
ESCOv1_6094,oxidation
ESCOv1_12228,check continuity requirements
ESCOv1_9139,digital printing
ESCOv1_9669,network marketing
ESCOv1_10282,carry out auditions
ESCOv1_6640,computer engineering
ESCOv1_3490,data models
ESCOv1_7778,NoSQL
ESCOv1_13164,football
ESCOv1_2669,lead a team in water management
ESCOv1_3887,pick orders for dispatching
ESCOv1_9805,test hardware
ESCOv1_7438,endocrinology
ESCOv1_2024,empathise with the healthcare user
ESCOv1_4431,manage health and safety standards
ESCOv1_10536,object-oriented modelling
ESCOv1_6364,build business relationships
ESCOv1_4062,perform project management
ESCOv1_411,blueprints
ESCOv1_3367,advertising techniques
ESCOv1_5557,Finnish
ESCOv1_7154,manage food manufacturing laboratory
ESCOv1_11138,ensure safe arrival of trains
ESCOv1_6472,ski
ESCOv1_4125,resuscitation
ESCOv1_3570,chemical processes
ESCOv1_4128,quality standards
ESCOv1_12712,counsel students
ESCOv1_13082,work in a hospitality team
ESCOv1_4535,ensure efficient communication in air traffic services
ESCOv1_10453,Adobe Illustrator
ESCOv1_4286,apply strategic thinking
ESCOv1_2914,guide staff
ESCOv1_2715,lay bricks
ESCOv1_11696,work with nursing staff
ESCOv1_12803,build machines
ESCOv1_8784,building construction principles
ESCOv1_4423,emergent technologies
ESCOv1_4190,monitor infrastructure
ESCOv1_1281,assume responsibility for the management of a business
ESCOv1_6891,develop curriculum
ESCOv1_12963,manage technical security systems
ESCOv1_7592,security in commercial buildings
ESCOv1_9955,control objectives for information and related technology
ESCOv1_12525,traffic engineering
ESCOv1_422,develop campaigns
ESCOv1_1584,Irish
ESCOv1_10212,brainstorm ideas
ESCOv1_8250,types of aromatherapy treatments
ESCOv1_2629,dressmaking
ESCOv1_3671,keep company
ESCOv1_10499,ergonomics
ESCOv1_11915,types of ceiling
ESCOv1_12400,prepare pasta
ESCOv1_5891,tend CNC laser cutting machine
ESCOv1_10444,manage clinical risk
ESCOv1_8025,market research
ESCOv1_6759,marketing management
ESCOv1_4102,make time-critical decisions
ESCOv1_6195,communication principles
ESCOv1_2371,Microsoft Access
ESCOv1_11836,Android
ESCOv1_4172,use customer relationship management software
ESCOv1_9486,apply social media marketing
ESCOv1_2915,rail design engineering
ESCOv1_10792,Estonian
ESCOv1_11142,clinical reports
ESCOv1_8497,cytopathology
ESCOv1_12657,integrate ICT data
ESCOv1_2018,maintain cores
ESCOv1_3192,interview techniques
ESCOv1_7845,meat industry
ESCOv1_7429,apply conceptual thinking
ESCOv1_13057,business analysis
ESCOv1_9868,supervise children
ESCOv1_12473,natural language processing
ESCOv1_1588,fix meetings
ESCOv1_7182,printing on large scale machines
ESCOv1_8806,IBM InfoSphere Information Server
ESCOv1_2811,Turkish
ESCOv1_7950,medical oncology
ESCOv1_4622,construct individual learning plans
ESCOv1_5045,Eclipse
ESCOv1_5653,plan marketing strategy
ESCOv1_12209,provide customised products
ESCOv1_4470,maintain equipment
ESCOv1_8219,Jboss
ESCOv1_924,create software design
ESCOv1_4306,engineering processes
ESCOv1_4069,perform classroom management
ESCOv1_7094,coordinate events
ESCOv1_7678,leasing process
ESCOv1_9050,hardware platforms
ESCOv1_1739,prospect new customers
ESCOv1_9555,marketing principles
ESCOv1_9602,keep time accurately
ESCOv1_12498,use online tools to collaborate
ESCOv1_1128,manage IT security compliances
ESCOv1_6893,graphic design
ESCOv1_13480,software design methodologies
ESCOv1_8018,cope with pressure
ESCOv1_4506,perform process control in the wearing apparel industry
ESCOv1_10021,design digital call to action
ESCOv1_8977,rheumatology
ESCOv1_739,provide assistance with job search
ESCOv1_4274,web programming
ESCOv1_9589,identify customer objectives
ESCOv1_8774,organise supporters
ESCOv1_10635,international carriage of dangerous goods by road
ESCOv1_142,oversee wetlands in project development
ESCOv1_3990,promote inclusion
ESCOv1_3639,epidemiology
ESCOv1_17,assess transport risks
ESCOv1_7224,ophthalmology
ESCOv1_12600,social media marketing techniques
ESCOv1_514,pluck hair
ESCOv1_8575,develop new products
ESCOv1_9788,protect personal data and privacy
ESCOv1_3897,Internet of Things
ESCOv1_1850,mathematics
ESCOv1_7322,assign homework
ESCOv1_6136,prepare for job interview
ESCOv1_6867,geological time scale
ESCOv1_5923,organisational structure
ESCOv1_10611,store digital data and systems
ESCOv1_3348,provide ICT support
ESCOv1_6570,liaise with engineers
ESCOv1_8930,business model
ESCOv1_5492,make numerical calculations
ESCOv1_4766,provide technical documentation
ESCOv1_12834,occupational medicine
ESCOv1_5651,energy market
ESCOv1_7078,alcoholic beverage products
ESCOv1_10040,information governance compliance
ESCOv1_3919,make strategic business decisions
ESCOv1_6985,social sciences
ESCOv1_1247,monitor mine costs
ESCOv1_8196,palliative care
ESCOv1_9529,manage portfolio
ESCOv1_12528,assess health services within the community
ESCOv1_8170,change window displays
ESCOv1_10240,prescribe medication
ESCOv1_3998,park vehicles
ESCOv1_4839,manage standards for data exchange
ESCOv1_819,environmental engineering
ESCOv1_839,design hardware
ESCOv1_3180,monitor guest access
ESCOv1_1212,wood products
ESCOv1_13399,test package
ESCOv1_767,behavioural disorders
ESCOv1_5313,innovate in ICT
ESCOv1_9702,gastroenterology
ESCOv1_12959,Prototyping development
ESCOv1_513,direct inward dialing
ESCOv1_11720,logging
ESCOv1_11140,continuous improvement philosophies
ESCOv1_7517,DB2
ESCOv1_2880,demonstrate enthusiasm
ESCOv1_10247,identify opportunities
ESCOv1_13056,ICT debugging tools
ESCOv1_9613,tend filing machine
ESCOv1_11559,ensure adherence to aerodrome procedures
ESCOv1_8720,reproduce documents
ESCOv1_1323,business process modelling
ESCOv1_12412,dietetics
ESCOv1_7075,explosives
ESCOv1_12719,use spreadsheets
ESCOv1_6862,lead others
ESCOv1_4307,implement quality management systems
ESCOv1_3784,international financial reporting standards
ESCOv1_8606,biometrics
ESCOv1_2916,support managers
ESCOv1_3963,AJAX
ESCOv1_10627,child psychiatry
ESCOv1_5072,opinion poll
ESCOv1_10511,manage railway construction projects
ESCOv1_12393,supply chain principles
ESCOv1_12370,air traffic control operations
ESCOv1_4554,collect samples
ESCOv1_3148,monitor assessment
ESCOv1_5444,follow up complaint reports
ESCOv1_937,use manual draughting techniques
ESCOv1_1012,real estate market
ESCOv1_11741,promote company
ESCOv1_4326,plan teamwork
ESCOv1_9469,social media management
ESCOv1_5584,general surgery
ESCOv1_4346,pharmaceutical technology
ESCOv1_8682,manage company fleet
ESCOv1_1708,adhere to health well-being and safety
ESCOv1_1508,evaluate information
ESCOv1_3924,company policies
ESCOv1_5841,concurrent estate
ESCOv1_11067,have emotional intelligence
ESCOv1_12420,psychiatry
ESCOv1_13096,manage healthcare staff
ESCOv1_6445,liaise with managers
ESCOv1_4543,customer service
ESCOv1_2830,conduct frisk
ESCOv1_7621,assist employee health programmes
ESCOv1_324,manage quantitative data
ESCOv1_7318,identify suppliers
ESCOv1_7505,scaffolding components
ESCOv1_3911,adapt to different roles
ESCOv1_6330,analyse staff capacity
ESCOv1_10110,health education
ESCOv1_1964,good manufacturing practices
ESCOv1_631,lasers
ESCOv1_5792,communicate regulations
ESCOv1_3822,Lean project management
ESCOv1_9012,show responsibility
ESCOv1_12595,consultation
ESCOv1_7476,trace people
ESCOv1_9492,manage personnel
ESCOv1_4424,perform improvisation
ESCOv1_5720,provide learning support in healthcare
ESCOv1_11096,design buildings
ESCOv1_1653,create technical plans
ESCOv1_7872,Norwegian
ESCOv1_4790,perform multiple tasks at the same time
ESCOv1_6669,meet deadlines
ESCOv1_4338,promote service users' rights
ESCOv1_12423,coach clients
ESCOv1_9385,nuclear medicine
ESCOv1_4761,plan team building
ESCOv1_7,implement anti-virus software
ESCOv1_2917,C#
ESCOv1_3851,offer financial services
ESCOv1_5881,Welsh
ESCOv1_10085,IBM InfoSphere DataStage
ESCOv1_6545,draw blueprints
ESCOv1_7173,legislation procedure
ESCOv1_10338,morality
ESCOv1_2599,attend meetings
ESCOv1_8646,computer forensics
ESCOv1_3168,pharmaceutical legislation
ESCOv1_1416,read engineering drawings
ESCOv1_6747,teamwork principles
ESCOv1_3922,use microsoft office
ESCOv1_1570,develop creative ideas
ESCOv1_1548,accounting techniques
ESCOv1_11265,human-computer interaction
ESCOv1_6958,gemstones
ESCOv1_12171,operate projector
ESCOv1_5547,manage website
ESCOv1_12409,education administration
ESCOv1_1609,control systems
ESCOv1_2877,perform high risk work
ESCOv1_2275,assist water-based navigation
ESCOv1_10344,nursing principles
ESCOv1_6544,pneumatics
ESCOv1_9608,conduct fitness risk assessment
ESCOv1_12160,coach young people
ESCOv1_12527,ensure store security
ESCOv1_3767,analyse call centre activities
ESCOv1_3809,product comprehension
ESCOv1_13384,work efficiently
ESCOv1_7111,act reliably
ESCOv1_11397,convert currency
ESCOv1_6857,non-destructive testing
ESCOv1_7377,maintain pharmaceutical records
ESCOv1_4299,metalworking
ESCOv1_5904,teach computer science
ESCOv1_3527,electric current
ESCOv1_4359,geodesy
ESCOv1_45,train guides
ESCOv1_1770,perform data analysis
ESCOv1_1408,prioritise tasks
ESCOv1_12596,hardware components
ESCOv1_3273,Agile development
ESCOv1_2462,types of waterways
ESCOv1_7600,present menus
ESCOv1_6704,process qualitative information
ESCOv1_6712,assemble goods
ESCOv1_10242,dental anatomy
ESCOv1_11655,manage major incidents
ESCOv1_9498,liquidity management
ESCOv1_3495,administer ICT system
ESCOv1_211,Polish
ESCOv1_5751,Italian
ESCOv1_1742,persuade others
ESCOv1_3992,business strategy concepts
ESCOv1_4632,use software design patterns
ESCOv1_6828,ICT communications protocols
ESCOv1_13148,create model
ESCOv1_1776,"health, safety and hygiene legislation"
ESCOv1_6870,handle rental overdues
ESCOv1_4165,manage content metadata
ESCOv1_10958,adhesives
ESCOv1_6781,write meeting reports
ESCOv1_2191,food service operations
ESCOv1_7985,biostatistics
ESCOv1_8793,stay alert
ESCOv1_3542,landscape design
ESCOv1_3556,office administration
ESCOv1_12627,recreation activities
ESCOv1_9080,neonatology
ESCOv1_6746,mentor individuals
ESCOv1_2265,perform interviews
ESCOv1_4795,rehearse role
ESCOv1_12533,Nessus
ESCOv1_7161,innovation processes
ESCOv1_153,clean particular areas manually
ESCOv1_8859,manage time
ESCOv1_8291,define quality standards
ESCOv1_7724,aquaculture reproduction
ESCOv1_9896,liaise with government officials
ESCOv1_6863,maintain customer service
ESCOv1_8332,demonstrate curiosity
ESCOv1_7302,precious metals
ESCOv1_3649,assist community
ESCOv1_7540,manage warehouse organisation
ESCOv1_11683,interact with an audience
ESCOv1_1883,tend CNC milling machine
ESCOv1_8138,psychological healthcare services
ESCOv1_11203,answer incoming calls
ESCOv1_8998,perform online data analysis
ESCOv1_6894,learning technologies
ESCOv1_3271,perform backups
ESCOv1_7301,collect weather-related data
ESCOv1_4515,geographic areas
ESCOv1_1603,animal welfare
ESCOv1_1198,analyse customer service surveys
ESCOv1_6853,task algorithmisation
ESCOv1_6727,listen actively
ESCOv1_3293,art collections
ESCOv1_7596,histology
ESCOv1_5235,protein
ESCOv1_11424,social entreprise
ESCOv1_6295,enable access to services
ESCOv1_7603,sporting events
ESCOv1_9890,optomechanical components
ESCOv1_354,organise auditions
ESCOv1_11031,surgery
ESCOv1_6135,integrated development environment software
ESCOv1_11238,analyse big data
ESCOv1_5912,business loans
ESCOv1_1124,execute analytical mathematical calculations
ESCOv1_1773,control financial resources
ESCOv1_895,dance
ESCOv1_2438,internal auditing
ESCOv1_7016,disability care
ESCOv1_3374,manage closed-circuit television system
ESCOv1_3019,ICT process quality models
ESCOv1_1097,food safety standards
ESCOv1_1109,develop product design
ESCOv1_8823,manage processes
ESCOv1_4098,make-up techniques
ESCOv1_590,dye hair
ESCOv1_1749,liaise with local authorities
ESCOv1_11900,identify talent
ESCOv1_9607,tend CNC drilling machine
ESCOv1_8348,implement data quality processes
ESCOv1_10567,social security law
ESCOv1_4780,environmental policy
ESCOv1_8008,attend events
ESCOv1_10296,provide legal advice
ESCOv1_9591,telecommunication trunking
ESCOv1_4331,work in assembly line teams
ESCOv1_4042,actuarial science
ESCOv1_1220,provide customer follow-up
ESCOv1_10396,provide specialist pharmaceutical advice
ESCOv1_6774,mining engineering
ESCOv1_1819,communicate with media
ESCOv1_15,manage clinical environments
ESCOv1_3215,promote event
ESCOv1_1506,cost management
ESCOv1_10921,take food and beverage orders from customers
ESCOv1_8390,oral surgery
ESCOv1_8365,provide domiciliary eyecare
ESCOv1_4370,assessment processes
ESCOv1_6598,rail infrastructure
ESCOv1_1711,hydraulics
ESCOv1_3836,be friendly to passengers
ESCOv1_2842,provide emotional support to the bereaved
ESCOv1_4600,provide documentation
ESCOv1_2955,personnel management
ESCOv1_7303,communicate with customers
ESCOv1_6718,manage data
ESCOv1_6537,report facts
ESCOv1_810,rhetoric
ESCOv1_6670,manage contracts
ESCOv1_5460,plan events
ESCOv1_6401,assess environmental impact
ESCOv1_13394,manage tests
ESCOv1_13459,fraud detection
ESCOv1_3173,work in outdoor conditions
ESCOv1_899,polygraphy
ESCOv1_6331,interpret medical results
ESCOv1_4396,financial department processes
ESCOv1_11787,software frameworks
ESCOv1_6374,plan transport operations
ESCOv1_6756,ecology
ESCOv1_3443,test procedures
ESCOv1_6716,consult technical resources
ESCOv1_3811,corporate law
ESCOv1_9921,acute care
ESCOv1_1981,manage alarm system
ESCOv1_3704,web analytics
ESCOv1_7183,manage quality
ESCOv1_1498,computer science
ESCOv1_3785,create banking accounts
ESCOv1_731,tools for ICT test automation
ESCOv1_8238,Adobe Photoshop
ESCOv1_9627,health care system
ESCOv1_4845,inspect machinery
ESCOv1_3299,tend to elderly people
ESCOv1_1423,medical informatics
ESCOv1_4365,assessment of risks and threats
ESCOv1_2278,maintain material handling equipment
ESCOv1_10505,provide on-board safety training
ESCOv1_4507,implement environmental action plans
